{
  "collectorStart": {"x": 32, "y": 90},
  "ground": {"enemies": [ {"x": 240, "right": 0},
                          {"x": 880, "right": 0}
             ],
             "aids": [ {"x": 470}, {"x": 955}
             ],
             "stars": [ {"x": 100}, {"x": 190}, {"x": 840} 
             ]
  },
  "platformData": [
    {"x": 0, "y": 350,
     "enemies": [ {"x": 200, "right": 1}
     ],
     "aids": [ {"x": 20}
     ],
     "stars": [ {"x": 100}
     ]
    },
    {"x": 420, "y": 500,
     "enemies": [
     ],
     "aids": [ {"x": 600}
     ],
     "stars": [ {"x": 770}
     ]
    },
    {"x": 500, "y": 200,
     "enemies": [ {"x": 550, "right": 1}
     ],
     "aids": [ {"x": 800}
     ],
     "stars": [ {"x": 650}, {"x": 730}
     ]
    },
    {"x": 800, "y": 650,
     "enemies": [ {"x": 900, "right": 0}
     ],
     "aids": [
     ],
     "stars": [ {"x": 1050}
     ]
    }
  ]
}
