{
  "collectorStart": {"x": 620, "y": 150},
  "ground": {"enemies": [ {"x": 210, "right": 1},
                          {"x": 480, "right": 1},
                          {"x": 860, "right": 0}
             ],
             "aids": [ {"x": 730}
             ],
             "stars": [ {"x": 30}, {"x": 110}, {"x": 365}, {"x": 950} 
             ]
  },
  "platformData": [
    {"x": 0, "y": 450,
     "enemies": [ {"x": 290, "right": 1}
     ],
     "aids": [ {"x": 15}
     ],
     "stars": [ {"x": 80}, {"x": 180}
     ]
    },
    {"x": 130, "y": 220,
     "enemies": [ {"x": 450, "right": 1}
     ],
     "aids": [ {"x": 265}
     ],
     "stars": [ {"x": 200}, {"x": 400}
     ]
    },
    {"x": 600, "y": 360,
     "enemies": [ {"x": 710, "right": 0}, {"x": 890, "right": 0}
     ],
     "aids": [ {"x": 970}
     ],
     "stars": [ {"x": 810}
     ]
    },
    {"x": 600, "y": 700,
     "enemies": [ {"x": 725, "right": 0}
     ],
     "aids": [ {"x": 975}
     ],
     "stars": [ {"x": 840}, {"x": 915}
     ]
    },
    {"x": 750, "y": 530,
     "enemies": [ {"x": 960, "right": 0}
     ],
     "aids": [ {"x": 820}
     ],
     "stars": [ {"x": 1030}
     ]
    },
    {"x": 250, "y": 610,
     "enemies": [ {"x": 345, "right": 0}, {"x": 525, "right": 0}
     ],
     "aids": [
     ],
     "stars": [ {"x": 600}
     ]
    }
  ]
}
